Method,precision,recall,f1,accuracy
Standard,71.28076117422086,70.99291160033567,70.81140911060959,71.00792751981881
TTA,73.07725427342835,73.02658596246897,72.71453397690914,73.04643261608153
