Method,precision,recall,f1,accuracy
Standard,45.98608942190032,52.0617389440252,46.49547756315698,51.84151785714286
TTA,47.12839110953744,53.524357833740886,47.60649723259873,52.9296875
